metric,min_bn_eur,max_bn_eur,mean_bn_eur,range_bn_eur,cv
objective,73.54907934722448,82.62303445858146,77.35300470291259,9.073955111356979,0.025090293224789437
